{"cameraMode":{"drawMode":0,"name":"Shaded","section":"Shading Mode"},"sceneLighting":true,"audioPlay":false,"sceneViewState":{"showFog":true,"showMaterialUpdate":false,"showSkybox":true,"showFlares":true,"showImageEffects":true,"showParticleSystems":true},"in2DMode":false,"pivot":{"x":-1.252943992614746,"y":-8.075813293457032,"z":-6.685811996459961},"rotation":{"x":-0.41494932770729067,"y":-0.07166818529367447,"z":0.03280848264694214,"w":-0.9064251184463501},"size":156.2289581298828,"orthographic":false}